City_ID,City,Lat,Lng,Max Temp,Humidity,Cloudiness,Wind Speed,Country,Date
0,edinburgh of the seven seas,-37.0676,-12.3116,14.15,83,8,9.89,SH,1699838360
1,whitehorse,60.7161,-135.0538,-2.57,80,100,3.6,CA,1699838360
2,iqaluit,63.7506,-68.5145,-17.95,77,20,2.57,CA,1699838281
3,bamyan,34.75,67.25,-2.68,50,0,0.5,AF,1699838360
4,grytviken,-54.2811,-36.5092,3.02,90,100,1.87,GS,1699838360
5,punta arenas,-53.15,-70.9167,10.06,62,75,9.26,CL,1699838360
6,adamstown,-25.066,-130.1015,22.8,85,100,8.14,PN,1699838361
7,jamestown,42.097,-79.2353,2.8,72,0,2.57,US,1699838262
8,puerto natales,-51.7236,-72.4875,5.52,87,100,1.74,CL,1699838361
9,tazovsky,67.4667,78.7,-11.21,95,51,5.61,RU,1699838348
10,swan hill,-35.3378,143.5544,22.45,23,5,4.66,AU,1699838361
11,port elizabeth,-33.918,25.5701,15.16,78,0,4.63,ZA,1699838325
12,bilibino,68.0546,166.4372,-13.28,96,100,2.22,RU,1699838361
13,chernyshevskiy,63.0128,112.4714,-17.75,99,100,1.47,RU,1699838361
14,kattivakkam,13.2167,80.3167,26.15,86,100,5.83,IN,1699838362
15,olonkinbyen,70.9221,-8.7187,-3.33,67,100,2.37,SJ,1699838151
16,kourou,5.1552,-52.6478,26.68,85,5,4.16,GF,1699838332
17,dili,-8.5586,125.5736,29.84,61,5,3.15,TL,1699838362
18,ust-nera,64.5667,143.2,-23.48,99,100,1.16,RU,1699838362
19,sitka,57.0531,-135.33,4.94,75,0,1.54,US,1699838299
20,bethel,41.3712,-73.414,1.94,71,0,0.0,US,1699838278
21,yellowknife,62.456,-114.3525,-6.99,95,75,8.49,CA,1699838287
22,papatowai,-46.5619,169.4708,12.66,96,100,2.17,NZ,1699838362
23,uturoa,-16.7333,-151.4333,27.71,76,23,3.0,PF,1699838363
24,kapiri mposhi,-13.9652,28.6809,18.15,91,100,2.43,ZM,1699838363
25,naze,28.3667,129.4833,19.51,65,82,8.94,JP,1699838363
26,chibougamau,49.9168,-74.3659,-6.21,93,100,2.57,CA,1699838363
27,newport,51.5877,-2.9984,12.06,91,100,4.28,GB,1699838363
28,kapa'a,22.0752,-159.319,28.99,78,40,8.75,US,1699838363
29,remire-montjoly,4.9167,-52.2667,27.39,82,2,5.44,GF,1699838364
30,anadyr,64.75,177.4833,-1.72,100,75,7.0,RU,1699838327
31,blackmans bay,-43.0167,147.3167,19.18,44,4,0.89,AU,1699838280
32,trapani,37.8333,12.6667,20.05,68,0,6.69,IT,1699838364
33,port-aux-francais,-49.35,70.2167,4.47,78,100,4.04,TF,1699838274
34,okha,53.5739,142.9478,-3.97,89,100,6.57,RU,1699838364
35,tabas,33.5959,56.9244,15.96,33,51,0.73,IR,1699838364
36,alaghsas,17.0187,8.0168,23.38,17,0,4.7,NE,1699838365
37,al qusayr,34.5091,36.5798,16.85,48,0,1.35,SY,1699838365
38,bredasdorp,-34.5322,20.0403,12.88,88,39,0.27,ZA,1699838152
39,tiksi,71.6872,128.8694,-16.75,90,99,6.5,RU,1699838365
40,ushuaia,-54.8,-68.3,9.81,57,75,4.12,AR,1699838221
41,mahbubnagar,16.7333,77.9833,20.08,82,98,2.76,IN,1699838343
42,candido mendes,-1.4467,-45.7167,25.37,81,4,2.42,BR,1699838365
43,waitangi,-43.9535,-176.5597,12.61,88,100,8.61,NZ,1699838143
44,conde,-7.2597,-34.9075,24.7,78,0,2.06,BR,1699838145
45,port mathurin,-19.6833,63.4167,25.24,78,0,2.09,MU,1699838287
46,stanley,54.868,-1.6985,6.51,95,75,2.06,GB,1699838366
47,longyearbyen,78.2186,15.6401,-5.09,80,75,9.77,SJ,1699838294
48,perros-guirec,48.8145,-3.4396,15.83,91,100,1.79,FR,1699838366
49,qaqortoq,60.7167,-46.0333,-8.1,89,24,0.57,GL,1699838274
50,vadso,70.0744,29.7487,-5.91,93,20,6.69,NO,1699838366
51,maralal,1.0968,36.698,14.9,94,91,2.27,KE,1699838366
52,avarua,-21.2078,-159.775,24.03,60,20,3.09,CK,1699838332
53,tamanrasset,22.785,5.5228,17.95,15,0,2.06,DZ,1699838367
54,tura,25.5198,90.2201,18.25,83,0,1.54,IN,1699838352
55,ribeira grande,38.5167,-28.7,17.65,90,100,0.89,PT,1699838367
56,salinopolis,-0.6136,-47.3561,26.55,80,4,4.69,BR,1699838367
57,berezovyy,51.6667,135.7,-7.59,54,59,0.31,RU,1699838367
58,amos,48.5669,-78.1162,-5.48,92,12,3.07,CA,1699838367
59,kavieng,-2.5744,150.7967,28.68,67,100,1.16,PG,1699838314
60,nar'yan-mar,67.6713,53.087,-11.61,94,52,2.24,RU,1699838368
61,las lomitas,-24.7096,-60.593,33.67,40,97,2.85,AR,1699838368
62,hawaiian paradise park,19.5933,-154.9731,26.73,89,75,2.57,US,1699838156
63,afaahiti,-17.75,-149.2833,28.93,80,58,4.61,PF,1699838289
64,bereznik,62.8551,42.7072,-1.79,84,100,5.41,RU,1699838368
65,santa lucia,27.9117,-15.5407,16.62,83,0,6.17,ES,1699838368
66,tralee,52.2704,-9.7026,11.73,96,100,5.53,IE,1699838324
67,as sulayyil,20.4607,45.5779,18.14,45,8,3.47,SA,1699838369
68,atafu village,-8.5421,-172.5159,29.12,69,30,0.8,TK,1699838369
69,barstow heights,34.8697,-117.0562,17.61,13,94,3.34,US,1699838369
70,bogotol,56.2078,89.5342,-0.35,96,100,3.52,RU,1699838369
71,lock haven,41.137,-77.4469,2.73,87,7,0.51,US,1699838369
72,ancud,-41.8697,-73.8203,7.43,77,79,3.87,CL,1699838369
73,margaret river,-33.95,115.0667,19.16,67,86,6.08,AU,1699838369
74,wailua homesteads,22.0669,-159.378,28.24,79,40,8.75,US,1699838369
75,lander,42.833,-108.7307,8.33,45,0,4.12,US,1699838339
76,lihue,21.9789,-159.3672,28.58,73,40,8.75,US,1699838304
77,copala,16.65,-98.9833,26.73,84,5,1.63,MX,1699838370
78,paphos,34.7667,32.4167,17.88,82,89,3.6,CY,1699838265
79,fort morgan,40.2503,-103.8,10.68,31,0,3.09,US,1699838204
80,miracema do tocantins,-9.5618,-48.3967,27.48,47,0,1.13,BR,1699838370
81,konarka,19.9,86.1167,21.22,79,60,3.86,IN,1699838370
82,invercargill,-46.4,168.35,11.68,93,100,3.13,NZ,1699838274
83,sparti,37.0733,22.4297,16.64,86,100,0.32,GR,1699838370
84,ghat,24.9647,10.1728,18.46,31,0,2.84,LY,1699838371
85,alesund,62.4723,6.1549,2.96,75,20,4.63,NO,1699838371
86,aasiaat,68.7098,-52.8699,-14.47,84,17,1.23,GL,1699838140
87,albany,42.6001,-73.9662,-0.74,78,1,1.11,US,1699838359
88,qarah bagh,34.9402,61.7759,8.48,56,0,1.24,AF,1699838371
89,talnakh,69.4865,88.3972,-1.55,96,100,4.26,RU,1699838371
90,saint-philippe,-21.3585,55.7679,19.77,83,71,2.92,RE,1699838344
91,serenje,-13.2325,30.2352,16.57,92,48,0.7,ZM,1699838372
92,carnarvon,-24.8667,113.6333,22.63,70,30,4.07,AU,1699838293
93,sabang,5.8933,95.3214,27.81,76,81,5.43,ID,1699838372
94,hermanus,-34.4187,19.2345,14.21,86,3,3.52,ZA,1699838372
95,dzhangala,49.2167,50.3333,7.27,59,100,7.36,KZ,1699838372
96,bo rai,12.5728,102.5371,28.03,83,100,2.46,TH,1699838372
97,mount darwin,-16.7725,31.5838,22.76,52,98,1.66,ZW,1699838372
98,cidreira,-30.1811,-50.2056,20.0,98,100,4.98,BR,1699838373
99,fort bragg,35.139,-79.006,13.23,78,0,0.45,US,1699838332
100,erdenet,49.0333,104.0833,-12.17,69,100,1.7,MN,1699838373
101,kievka,50.2619,71.5514,3.07,96,100,5.18,KZ,1699838370
102,fisterra,42.9049,-9.2629,18.9,93,96,12.94,ES,1699838373
103,antsiranana,-12.2787,49.2917,24.72,79,23,6.14,MG,1699838373
104,el haouaria,37.05,11.0144,20.43,68,97,10.15,TN,1699838373
105,tangalle,6.024,80.7911,24.43,95,100,1.72,LK,1699838373
106,puerto ayora,-0.7393,-90.3518,24.75,91,54,2.24,EC,1699838289
107,thompson,55.7435,-97.8558,-1.91,100,100,0.0,CA,1699838374
108,al jawf,29.5,38.75,23.01,36,99,2.57,SA,1699838374
109,siwa oasis,29.2041,25.5195,20.45,58,0,2.59,EG,1699838374
110,caleta olivia,-46.4393,-67.5281,14.6,31,0,8.18,AR,1699838374
111,lebu,-37.6167,-73.65,9.04,66,0,6.65,CL,1699838199
112,klyuchi,52.2667,79.1667,4.85,84,99,4.95,RU,1699838150
113,tomatlan,19.9333,-105.25,25.34,86,95,0.82,MX,1699838374
114,nemuro,43.3236,145.575,4.82,50,33,4.61,JP,1699838375
115,tafuna,-14.3358,-170.72,31.97,79,20,4.12,AS,1699838375
116,wewak,-3.5534,143.6268,29.16,72,19,3.24,PG,1699838375
117,isafjordur,66.0755,-23.124,1.73,83,100,1.86,IS,1699838375
118,faranah,10.0404,-10.7434,22.93,52,91,1.39,GN,1699838375
119,vorgashor,67.5833,63.95,-11.93,98,78,3.41,RU,1699838375
120,sao sepe,-30.1606,-53.5653,19.47,98,100,4.92,BR,1699838363
121,kodiak,57.79,-152.4072,3.73,60,0,0.0,US,1699838309
122,waingapu,-9.6567,120.2641,30.19,64,87,2.67,ID,1699838376
123,san patricio,28.017,-97.5169,17.13,97,100,5.69,US,1699838362
124,maintirano,-18.0667,44.0167,25.36,76,1,2.43,MG,1699838376
125,enewetak,11.3474,162.3373,26.8,87,100,7.42,MH,1699838340
126,ribeira brava,32.65,-17.0667,20.35,80,29,0.83,PT,1699838376
127,cockburn town,21.4612,-71.1419,28.55,76,2,8.88,TC,1699838357
128,new norfolk,-42.7826,147.0587,19.84,38,50,3.26,AU,1699838323
129,puerto montt,-41.4698,-72.9447,5.46,93,20,0.0,CL,1699838376
130,puerto armuelles,8.2833,-82.8667,27.99,84,100,3.13,PA,1699838378
131,bandon,51.7469,-8.7425,12.77,98,100,9.59,IE,1699838378
132,salida,37.7058,-121.0849,20.5,51,0,0.0,US,1699838269
133,skowhegan,44.7651,-69.7192,-1.28,87,3,1.91,US,1699838378
134,prado,-17.3411,-39.2208,24.58,83,4,6.73,BR,1699838316
135,petropavlovsk-kamchatsky,53.0452,158.6483,-0.67,74,40,12.52,RU,1699838378
136,saint-pol-de-leon,48.6833,-3.9833,15.92,87,100,9.39,FR,1699838378
137,turpan,42.9333,89.1667,4.42,34,0,0.56,CN,1699838320
138,guerrero negro,27.9769,-114.0611,20.59,56,0,6.17,MX,1699838379
139,valdivia,-39.8142,-73.2459,10.05,81,4,0.88,CL,1699838379
140,las brenas,-27.0897,-61.0816,21.64,89,50,5.54,AR,1699838379
141,mabaruma,8.2,-59.7833,24.7,90,35,1.49,GY,1699838379
142,qamdo,31.1667,97.2333,-7.47,41,0,1.21,CN,1699838379
143,calvinia,-31.4707,19.776,14.55,37,0,2.61,ZA,1699838379
144,paramonga,-10.6667,-77.8333,19.58,83,35,4.54,PE,1699838380
145,port alfred,-33.5906,26.891,13.43,88,59,0.89,ZA,1699838380
146,cannonvale,-20.2833,148.7,26.66,53,0,5.49,AU,1699838309
147,keflavik,64.0049,-22.5624,4.24,65,0,6.17,IS,1699838316
148,corinto,37.9407,22.9573,17.16,78,100,3.86,GR,1699838380
149,la mira,18.035,-102.3266,26.52,82,83,1.61,MX,1699838380
150,mata-utu,-13.2816,-176.1745,28.84,71,85,6.58,WF,1699838380
151,belmonte,-15.8631,-38.8828,25.11,79,21,5.62,BR,1699838380
152,udachny,66.4167,112.4,-13.08,92,100,3.31,RU,1699838380
153,nova vicosa,-17.8919,-39.3719,24.85,81,0,7.66,BR,1699838381
154,colonia,50.9333,6.95,7.46,88,0,3.09,DE,1699838374
155,bandarbeyla,9.4942,50.8122,26.56,85,100,6.86,SO,1699838338
156,albertina,-22.2008,-46.6158,23.32,45,96,1.72,BR,1699838381
157,carbondale,37.7273,-89.2168,10.16,59,0,2.06,US,1699838381
158,barano d'ischia,40.718,13.9309,15.17,91,52,0.45,IT,1699838381
159,taltal,-25.4,-70.4833,17.54,73,3,2.06,CL,1699838181
160,souq larb'a al gharb,34.6866,-6.0027,17.2,67,47,0.88,MA,1699838381
161,palu,-0.8917,119.8707,26.88,89,100,0.58,ID,1699838382
162,hadibu,12.65,54.0333,26.56,83,70,5.99,YE,1699838144
163,kerikeri,-35.2268,173.9474,20.1,51,0,3.93,NZ,1699838382
164,saipan,15.1355,145.701,31.39,66,40,7.72,MP,1699838382
165,fale old settlement,-9.3852,-171.2468,29.12,70,86,1.87,TK,1699838338
166,saffron walden,52.0234,0.2423,9.62,97,40,3.6,GB,1699838382
167,vershino-darasunskiy,52.35,115.5167,-10.62,81,12,1.09,RU,1699838382
168,utrik,11.2278,169.8474,28.02,81,100,8.58,MH,1699838382
169,verkh-chebula,56.0308,87.6218,2.77,92,100,5.02,RU,1699838382
170,northam,51.0333,-4.2167,14.81,96,100,7.08,GB,1699838383
171,treinta y tres,-33.2333,-54.3833,14.21,94,100,3.16,UY,1699838383
172,ilo,-17.6394,-71.3375,18.84,86,100,3.15,PE,1699838383
173,luderitz,-26.6481,15.1594,18.21,56,0,7.86,NA,1699838342
174,sandnessjoen,66.0217,12.6316,-6.71,68,17,5.6,NO,1699838383
175,selfoss,63.9331,-20.9971,2.8,64,100,6.48,IS,1699838342
176,gadzhiyevo,69.2551,33.3362,-9.98,97,99,4.31,RU,1699838383
177,karasuk,53.7377,78.0403,4.05,95,100,4.0,RU,1699838383
178,mili,6.0815,171.735,28.49,83,100,8.07,MH,1699838384
179,katagum,12.2867,10.3527,23.81,18,11,3.99,NG,1699838384
180,pacocha,-17.5833,-71.3333,18.73,87,100,2.26,PE,1699838384
181,teple,48.3086,39.5737,8.3,76,87,6.26,UA,1699838384
182,hohhot,40.8106,111.6522,-5.84,45,0,2.0,CN,1699838384
183,arraial do cabo,-22.9661,-42.0278,24.63,85,100,0.97,BR,1699838343
184,kenora,49.8167,-94.4337,2.54,93,40,6.71,CA,1699838384
185,flushing,51.4425,3.5736,9.01,94,100,6.17,NL,1699838384
186,argo,37.6333,22.7333,17.1,71,100,1.1,GR,1699838384
187,greater sudbury,46.49,-80.99,1.7,77,100,0.89,CA,1699838178
188,la ferte-bernard,48.1863,0.6536,13.79,91,100,8.15,FR,1699838385
189,trairi,-3.2778,-39.2689,25.78,76,0,3.9,BR,1699838188
190,terekli-mekteb,44.1671,45.8698,11.63,92,100,3.53,RU,1699838385
191,polyarnyye zori,67.3661,32.4981,-6.68,98,100,1.29,RU,1699838385
192,pueblo,38.2545,-104.6091,12.45,25,0,2.57,US,1699838385
193,nova sintra,14.8667,-24.7167,23.73,68,66,3.06,CV,1699838276
194,port saint john's,-31.6229,29.5448,16.3,71,0,3.5,ZA,1699838385
195,griffith,41.5284,-87.4237,11.14,55,0,3.6,US,1699838342
196,crane,31.3974,-102.3501,14.14,75,100,3.94,US,1699838385
197,acapulco de juarez,16.8634,-99.8901,29.9,74,0,3.6,MX,1699838386
198,college,64.8569,-147.8028,-10.03,79,40,2.57,US,1699838383
199,illapel,-31.6308,-71.1653,12.55,79,5,1.68,CL,1699838386
200,necochea,-38.5473,-58.7368,9.54,57,0,3.13,AR,1699838108
201,juan griego,11.0817,-63.9655,26.69,86,100,5.85,VE,1699838386
202,mae sot,16.7167,98.5667,24.97,94,40,0.51,TH,1699838386
203,ulaangom,49.9811,92.0667,-8.75,93,100,1.16,MN,1699838386
204,susuman,62.7833,148.1667,-29.27,97,89,0.38,RU,1699838277
205,ljusdal,61.8288,16.0913,-2.84,96,100,3.2,SE,1699838387
206,sambava,-14.2667,50.1667,23.69,84,16,3.63,MG,1699838387
207,bikenibeu village,1.3673,173.1241,27.98,89,75,1.54,KI,1699838387
208,kill devil hills,36.0307,-75.676,13.32,70,100,8.75,US,1699838346
209,chalons-en-champagne,48.9539,4.3672,12.96,88,100,7.04,FR,1699838387
210,kapuskasing,49.4169,-82.4331,1.05,93,100,6.69,CA,1699838367
211,caleta de carquin,-11.0925,-77.6267,19.74,82,11,5.02,PE,1699838387
212,hasaki,35.7333,140.8333,11.22,78,100,10.38,JP,1699838388
213,kotel'nich,58.3089,48.348,1.68,97,100,6.16,RU,1699838388
214,guayaramerin,-10.8368,-65.3614,26.0,78,21,1.21,BO,1699838388
215,ta`u,-14.2336,-169.5144,27.88,79,17,4.44,AS,1699838321
216,weno,7.4515,151.8468,25.97,89,75,4.12,FM,1699838388
217,bazarnyy syzgan,53.7512,46.7535,6.19,93,100,8.97,RU,1699838388
218,rabaul,-4.1967,152.1721,28.47,68,100,3.36,PG,1699838388
219,hithadhoo,-0.6,73.0833,27.59,76,91,3.36,MV,1699838349
220,junin de los andes,-39.9504,-71.0694,2.55,84,1,3.72,AR,1699838389
221,brookings,44.3114,-96.7984,8.43,47,0,2.57,US,1699838389
222,rongelap,11.1635,166.8941,27.94,82,100,8.86,MH,1699838351
223,al qadarif,14.0349,35.3834,27.3,42,100,3.48,SD,1699838389
224,kayenta,36.7278,-110.2546,7.81,29,0,0.84,US,1699838389
225,chonchi,-42.6128,-73.8092,7.84,84,96,1.4,CL,1699838324
226,kayangel,8.0823,134.7173,29.15,75,100,7.32,PW,1699838389
227,fort st. john,56.2499,-120.8529,0.94,60,75,1.03,CA,1699838332
228,st. john's,47.5649,-52.7093,-0.57,84,100,6.17,CA,1699838198
229,iskateley,67.6803,53.1512,-11.66,94,56,2.24,RU,1699838390
230,manuguru,17.981,80.7547,20.05,86,86,0.59,IN,1699838390
231,santa ana,33.7456,-117.8678,26.59,36,75,2.57,US,1699838165
232,mount isa,-20.7333,139.5,35.87,20,5,5.66,AU,1699838151
233,huarmey,-10.0681,-78.1522,19.86,83,95,4.54,PE,1699838390
234,cuencame de ceniceros,24.8711,-103.6964,12.41,89,100,2.48,MX,1699838390
235,mafinga,-7.25,35.0667,21.55,73,97,1.88,TZ,1699838390
236,nikolayevsk-on-amure,53.1406,140.73,-6.82,83,97,6.31,RU,1699838361
237,flying fish cove,-10.4217,105.6791,25.82,83,100,4.63,CX,1699838391
238,dudinka,69.4058,86.1778,-0.74,98,100,7.6,RU,1699838336
239,west island,-12.1568,96.8225,26.99,83,75,5.14,CC,1699838327
240,coracora,-15.0333,-73.7833,13.39,56,12,1.09,PE,1699838391
241,zelenoborskiy,66.845,32.3622,-7.35,95,99,3.06,RU,1699838391
242,sumbe,-11.2061,13.8437,25.25,88,100,0.29,AO,1699838391
243,chelakara,10.7,76.35,24.3,85,100,1.95,IN,1699838391
244,horta,38.5333,-28.6333,17.23,90,100,0.89,PT,1699838391
245,ilulissat,69.2167,-51.1,-11.99,61,28,0.0,GL,1699838391
246,dunda,-8.1167,34.25,20.63,78,59,1.72,TZ,1699838392
247,okhotsk,59.3833,143.3,-15.4,77,0,9.79,RU,1699838392
248,ratnagiri,16.9833,73.3,25.91,56,100,3.09,IN,1699838392
249,aykhal,66.0,111.5,-13.06,95,100,4.24,RU,1699838392
250,shalqar,47.8333,59.6,4.29,83,17,2.46,KZ,1699838392
251,cheremushki,52.8356,91.3944,-1.41,93,100,1.5,RU,1699838392
252,luganville,-15.5333,167.1667,26.33,70,100,6.17,VU,1699838392
253,port lincoln,-34.7333,135.8667,16.71,65,100,4.07,AU,1699838153
254,taoudenni,22.6783,-3.9836,25.78,19,0,6.06,ML,1699838393
255,legnica,51.2101,16.1619,7.78,60,98,3.14,PL,1699838393
256,krasnogvardeyskoye,45.8456,41.5186,11.93,70,100,5.06,RU,1699838393
257,arkhangel'sk,64.5401,40.5433,-3.26,93,59,4.4,RU,1699838393
258,novyy urengoy,66.0833,76.6333,-9.52,90,11,6.4,RU,1699838393
259,ushtobe,45.2514,77.9838,3.94,72,100,2.93,KZ,1699838393
260,wynyard,-41.0,145.7167,17.19,43,0,4.49,AU,1699838393
261,suva,-18.1416,178.4415,23.71,94,75,4.63,FJ,1699838393
262,mogadishu,2.0371,45.3438,27.41,78,36,2.76,SO,1699838394
263,toliara,-23.35,43.6667,21.94,79,0,1.03,MG,1699838394
264,bamboo flat,11.7,92.7167,24.05,94,100,1.03,IN,1699838394
265,al lagowa,11.4,29.1333,28.01,45,87,1.7,SD,1699838394
266,cidade velha,14.9167,-23.6167,24.26,83,0,4.12,CV,1699838394
267,nuuk,64.1835,-51.7216,-4.66,74,18,4.12,GL,1699838394
268,sur,22.5667,59.5289,24.98,54,100,2.13,OM,1699838394
269,port moresby,-9.4431,147.1797,29.68,62,20,5.14,PG,1699838394
270,kharp,66.8014,65.8081,-11.04,90,79,3.91,RU,1699838395
271,anna regina,7.2644,-58.5077,27.43,81,18,4.43,GY,1699838395
272,schweizer-reneke,-27.1887,25.3293,18.43,25,5,3.55,ZA,1699838395
273,saint-joseph,-21.3667,55.6167,19.21,82,37,2.45,RE,1699838395
274,edeia,-17.3383,-49.9314,29.23,26,40,2.41,BR,1699838395
275,carutapera,-1.195,-46.02,26.23,78,0,3.77,BR,1699838395
276,palikir - national government center,6.9248,158.1611,30.47,74,100,1.54,FM,1699838395
277,georgetown,5.4112,100.3354,29.97,81,20,2.57,MY,1699838237
278,palangkaraya,-2.2,113.8333,24.34,95,100,1.23,ID,1699838396
279,medemblik,52.7687,5.1062,6.13,96,100,2.68,NL,1699838396
280,el bauga,18.262,33.9081,27.62,45,100,1.08,SD,1699838396
281,yilan,24.757,121.753,18.28,91,100,1.66,TW,1699838396
282,katsuura,35.1333,140.3,13.01,81,96,8.86,JP,1699838396
283,kiunga,-6.1219,141.2906,31.99,53,20,1.08,PG,1699838396
284,usinsk,65.9939,57.5281,-14.96,100,92,2.24,RU,1699838396
285,abepura,-2.6333,140.5833,32.45,52,20,4.12,ID,1699838396
286,fukuecho,32.6881,128.8419,11.2,54,40,7.72,JP,1699838397
287,la passe,45.5549,-0.8967,14.43,86,99,4.68,FR,1699838340
288,truro,50.2653,-5.0544,14.42,100,75,6.69,GB,1699838397
289,mramani,-12.3464,44.5286,26.58,83,21,4.25,KM,1699838397
290,kamachumu,-1.6186,31.62,17.52,85,95,1.4,TZ,1699838397
291,priob'ye,62.5206,65.5964,-8.32,96,33,1.55,RU,1699838397
292,palmer,42.1584,-72.3287,0.47,73,0,1.54,US,1699838323
293,vryburg,-26.9566,24.7284,18.74,23,5,2.83,ZA,1699838397
294,constantia,44.1833,28.65,7.61,50,100,2.59,RO,1699838350
295,kandi,11.1342,2.9386,24.61,26,0,1.95,BJ,1699838398
296,ambovombe,-25.1667,46.0833,21.45,55,0,2.4,MG,1699838398
297,inhambane,-23.865,35.3833,23.48,83,96,3.21,MZ,1699838398
298,itaituba,-4.2761,-55.9836,29.12,53,31,0.44,BR,1699838320
299,kristiansund,63.1115,7.732,1.36,75,44,2.57,NO,1699838398
300,uruzgan,32.8333,66.0,7.59,28,0,1.01,AF,1699838398
301,vernon,50.2581,-119.2691,5.89,69,100,0.51,CA,1699838345
302,mersa matruh,31.3525,27.2453,20.1,80,6,0.33,EG,1699838398
303,karaton,-6.3424,106.1045,27.63,77,85,0.64,ID,1699838399
304,christchurch,-43.5333,172.6333,25.11,33,100,9.26,NZ,1699838103
305,puerto gaitan,4.3133,-72.0816,26.28,78,96,2.06,CO,1699838399
306,dezhou,37.4486,116.2925,2.93,29,100,2.29,CN,1699838399
307,puerto baquerizo moreno,-0.9,-89.6,23.74,82,100,5.6,EC,1699838399
308,tocopilla,-22.092,-70.1979,19.19,72,21,3.39,CL,1699838181
309,taiynsha,53.8478,69.7639,3.7,90,100,3.17,KZ,1699838400
310,cabo san lucas,22.8909,-109.9124,27.51,66,40,4.12,MX,1699838400
311,trincomalee,8.5711,81.2335,26.05,88,100,5.73,LK,1699838400
312,saudarkrokur,65.7461,-19.6394,-0.43,65,99,2.96,IS,1699838401
313,puerto aysen,-45.4,-72.7,5.52,100,100,2.28,CL,1699838401
314,cordele,31.9635,-83.7824,12.29,94,100,0.0,US,1699838402
315,yishui,35.7847,118.6281,2.42,36,100,2.4,CN,1699838402
316,calderitas,18.55,-88.25,25.88,90,6,3.67,MX,1699838402
317,mahina,-17.5065,-149.489,29.87,70,75,4.63,PF,1699838402
318,talcahuano,-36.7167,-73.1167,10.82,62,0,6.69,CL,1699838403
319,sinabang,2.4803,96.3801,26.94,82,100,1.8,ID,1699838403
320,tondano,1.3038,124.9112,28.05,55,79,0.25,ID,1699838404
321,haiku-pauwela,20.9219,-156.3051,26.95,70,20,13.89,US,1699838404
322,chilmari,25.5559,89.6715,20.81,80,0,3.79,BD,1699838405
323,urengoy,65.9667,78.3667,-9.62,96,10,4.35,RU,1699838405
324,nchelenge,-9.3451,28.734,20.67,90,99,1.32,ZM,1699838405
325,masjed soleyman,31.9364,49.3039,22.77,33,100,0.46,IR,1699838405
326,san felipe,10.3399,-68.7425,23.26,96,98,0.18,VE,1699838406
327,lamu,-2.2717,40.902,25.12,86,97,2.13,KE,1699838285
328,villa gesell,-37.2639,-56.973,12.81,61,99,6.26,AR,1699838160
329,insar,53.8653,44.3738,8.7,78,13,10.16,RU,1699838406
330,kota belud,6.351,116.4305,28.91,70,2,0.41,MY,1699838406
331,shimoda,34.6667,138.95,13.2,74,86,4.56,JP,1699838406
332,crucecita,-28.95,-58.9833,22.14,95,100,5.92,AR,1699838407
333,asau,46.4333,26.4,2.51,90,10,2.72,RO,1699838407
334,turkestan,43.3333,68.25,3.92,61,0,2.05,KZ,1699838407
335,isangel,-19.55,169.2667,28.06,65,75,4.63,VU,1699838407
336,namibe,-15.1961,12.1522,22.12,77,97,0.41,AO,1699838408
337,trakai,54.6333,24.9333,5.61,94,100,5.29,LT,1699838408
338,el obeid,13.1842,30.2167,27.51,30,36,3.09,SD,1699838408
339,mananara,-16.1667,49.7667,23.1,82,90,1.32,MG,1699838408
340,lautoka,-17.6167,177.4667,24.92,88,40,4.12,FJ,1699838409
341,luau,-10.7073,22.2247,18.55,95,100,1.71,AO,1699838409
342,midelt,32.6852,-4.7451,14.98,40,100,0.9,MA,1699838409
343,kani keli,-12.9536,45.1033,26.59,79,10,2.65,YT,1699838409
344,nizhnevartovsk,60.9344,76.5531,0.01,93,40,3.13,RU,1699838300
345,kostomuksha,64.571,30.5767,-7.2,96,100,3.58,RU,1699838410
346,howard springs,-12.497,131.047,32.71,59,25,0.56,AU,1699838410
347,santa ana maya,20.0,-101.0167,19.0,68,20,0.0,MX,1699838410
348,kailua-kona,19.6406,-155.9956,27.98,75,40,4.12,US,1699838410
349,levuka,50.1834,-105.4011,2.84,63,0,4.24,CA,1699838410
350,codrington,-38.2667,141.9667,16.26,51,5,5.59,AU,1699838350
351,cody,44.5263,-109.0565,6.47,45,0,1.54,US,1699838411
352,mancio lima,-7.6142,-72.8958,27.03,66,26,1.06,BR,1699838411
353,chatillon-sur-seine,47.8585,4.5738,11.59,93,100,5.56,FR,1699838411
354,portel,-1.9356,-50.8211,26.71,61,4,1.63,BR,1699838411
355,san miguel,13.4833,-88.1833,25.78,87,100,0.41,SV,1699838406
356,richards bay,-28.783,32.0377,19.12,81,95,3.47,ZA,1699838411
357,les avirons,-21.2418,55.3394,18.05,64,0,4.12,RE,1699838387
358,pacific grove,36.6177,-121.9166,16.21,84,75,3.09,US,1699838278
359,muisne,0.6,-80.0333,25.11,85,43,2.77,EC,1699838412
360,polyarnyy,69.1989,33.4478,-9.61,96,97,4.42,RU,1699838412
361,nouadhibou,20.931,-17.0347,20.99,78,0,5.66,MR,1699838321
362,arkalyk,50.2486,66.9114,3.01,94,43,2.37,KZ,1699838413
363,mastung,29.7994,66.845,9.99,40,90,1.99,PK,1699838413
364,dire dawa,9.5931,41.8661,20.35,74,20,0.27,ET,1699838413
365,caconda,-13.7333,15.0667,17.37,83,100,1.88,AO,1699838413
366,marsh harbour,26.5412,-77.0636,25.73,64,15,4.34,BS,1699838413
367,dryden,49.7833,-92.7503,2.16,93,100,4.63,CA,1699838321
368,kletskaya,49.3145,43.0584,10.19,72,100,8.19,RU,1699838413
369,sao felix do xingu,-6.6447,-51.995,27.08,49,28,0.98,BR,1699838414
370,cam ranh,11.9214,109.1591,24.98,94,75,2.57,VN,1699838414
371,palembang,-2.9167,104.7458,26.05,94,40,1.54,ID,1699838414
372,montego bay,18.4712,-77.9188,28.89,79,20,4.12,JM,1699838414
373,cabedelo,-6.9811,-34.8339,25.37,77,3,3.87,BR,1699838415
374,kasulu,-4.5767,30.1025,17.73,91,30,1.2,TZ,1699838415
375,diapaga,12.0708,1.7889,26.29,20,48,2.89,BF,1699838375
376,mandan,46.8267,-100.8896,9.42,57,0,4.12,US,1699838415
377,rundu,-17.9333,19.7667,24.86,30,79,1.45,NA,1699838416
378,qui nhon,13.7667,109.2333,25.67,90,100,4.79,VN,1699838416
379,tyuratam,45.6507,63.3156,3.52,84,6,1.54,KZ,1699838416
380,lagoa,39.05,-27.9833,17.88,78,100,6.07,PT,1699838416
381,beyneu,45.3167,55.2,5.7,64,100,7.58,KZ,1699838416
382,pangody,65.85,74.4859,-10.74,88,12,6.33,RU,1699838416
383,dowagiac,41.9842,-86.1086,9.16,59,0,4.91,US,1699838185
384,greymouth,-42.4667,171.2,14.76,85,100,5.01,NZ,1699838417
385,karymskoye,51.6167,114.35,-9.55,79,26,1.22,RU,1699838417
386,prince rupert,54.3161,-130.3201,7.83,72,75,7.72,CA,1699838334
387,cassia,-20.5831,-46.9219,26.92,34,56,0.28,BR,1699838417
388,majene,-3.5403,118.9707,30.25,64,31,1.01,ID,1699838417
389,san jose del cabo,23.0589,-109.6977,27.5,66,40,4.63,MX,1699838173
390,eraan,9.0629,117.7016,29.39,67,9,1.51,PH,1699838325
391,anori,-3.7728,-61.6442,27.84,66,16,1.36,BR,1699838418
392,olyokminsk,60.3736,120.4264,-11.61,93,100,1.44,RU,1699838418
393,tual,-5.6667,132.75,27.87,78,31,4.77,ID,1699838314
394,sussex,41.1834,-74.6663,1.42,80,0,0.0,US,1699838203
395,korschenbroich,51.1914,6.5135,7.32,92,100,2.06,DE,1699838419
396,krasnyy yar,46.5331,48.3456,9.98,71,100,3.31,RU,1699838419
397,bam,29.106,58.357,17.36,34,0,1.07,IR,1699838419
398,yuzhno-kurilsk,44.0306,145.8556,2.43,80,53,2.45,RU,1699838325
399,tsiombe,-25.3,45.4833,21.48,60,0,2.66,MG,1699838419
400,sona,45.4388,10.8255,5.74,66,33,2.26,IT,1699838419
401,sisimiut,66.9395,-53.6735,-9.32,87,88,3.17,GL,1699838420
402,san antonio de pale,-1.4014,5.6325,26.22,83,27,5.83,GQ,1699838420
403,daru,-9.0763,143.2092,26.93,68,80,3.44,PG,1699838420
404,lubang,13.8584,120.124,28.42,76,13,10.27,PH,1699838420
405,pariaman,-0.619,100.12,27.03,82,91,0.49,ID,1699838421
406,palpa,-14.5336,-75.1856,21.99,73,2,1.54,PE,1699838421
407,al jahra',29.3375,47.6581,23.12,54,100,1.64,KW,1699838421
408,lashio,22.9333,97.75,18.5,86,4,0.43,MM,1699838421
409,balabac,7.9868,117.0645,29.24,71,18,4.4,PH,1699838422
410,tchintabaraden,15.8969,5.7985,23.95,15,3,4.5,NE,1699838422
411,puerto deseado,-47.7503,-65.8938,7.91,61,0,7.54,AR,1699838422
412,mar del plata,-38.0023,-57.5575,12.15,69,0,2.24,AR,1699838335
413,taco pozo,-25.6167,-63.2833,21.89,92,100,5.94,AR,1699838423
414,mahibadhoo,3.7833,72.9667,27.63,75,92,0.4,MV,1699838424
415,argostolion,38.1811,20.489,18.75,54,100,3.98,GR,1699838424
416,badger,64.8,-147.5333,-10.07,79,40,2.57,US,1699838424
417,kukuna,9.4,-12.6667,24.3,93,33,1.29,SL,1699838425
418,oltinko'l,40.8011,72.1634,9.22,60,5,0.69,UZ,1699838425
419,onega,63.9061,38.1404,-3.8,77,61,6.41,RU,1699838425
420,kolonia,50.9333,6.95,7.46,88,0,3.09,DE,1699838374
421,ridgeland,32.4285,-90.1323,17.93,83,100,1.54,US,1699838426
422,uliastay,47.7417,96.8444,-12.17,64,100,2.59,MN,1699838426
423,juegang,32.3174,121.1855,7.52,60,97,5.6,CN,1699838426
424,guiratinga,-16.3494,-53.7583,28.46,36,40,1.09,BR,1699838426
425,miri,4.4148,114.0089,28.08,83,40,3.09,MY,1699838427
426,romanovskaya,47.5426,42.0285,11.11,49,100,6.26,RU,1699838427
427,homer,59.6425,-151.5483,1.56,72,0,2.24,US,1699838427
428,lerida,41.6167,0.6167,14.11,86,0,3.09,ES,1699838428
429,ulladulla,-35.35,150.4667,23.2,54,92,3.25,AU,1699838428
430,bayanhongor,46.7167,100.1167,-16.25,65,1,1.43,MN,1699838428
431,nantucket,41.2835,-70.0995,5.08,63,100,2.06,US,1699838325
432,coahuayana de hidalgo,18.7,-103.6583,26.13,87,21,0.63,MX,1699838350
433,grand falls-windsor,48.9332,-55.6649,-5.69,92,7,2.04,CA,1699838429
434,bengkulu,-3.8004,102.2655,26.08,83,96,1.55,ID,1699838362
435,sao tome,0.3365,6.7273,26.32,86,17,3.62,ST,1699838429
436,ketchikan,55.3422,-131.6461,6.99,56,0,5.14,US,1699838429
437,saint-denis,48.9167,2.3333,12.82,91,75,5.66,FR,1699838429
438,lompoc,34.6391,-120.4579,19.83,67,0,3.6,US,1699838429
439,carboneras,37.0015,-1.9213,17.28,67,0,1.32,ES,1699838430
440,antalaha,-14.9003,50.2788,22.23,86,1,2.42,MG,1699838430
441,kingston,17.997,-76.7936,30.53,66,20,5.66,JM,1699838430
442,lazaro cardenas,17.9583,-102.2,26.95,81,69,2.16,MX,1699838368
443,olinda,-8.0089,-34.8553,26.85,69,20,3.6,BR,1699838431
444,la rioja,42.25,-2.5,3.88,87,66,3.35,ES,1699838381
445,nyurba,63.2842,118.3319,-19.0,98,100,1.4,RU,1699838431
446,malpica,43.3228,-8.8105,18.86,76,99,9.65,ES,1699838431
447,lethem,3.3803,-59.7968,28.39,58,8,3.03,GY,1699838431
448,aweil,8.7682,27.4002,25.85,65,6,1.24,SS,1699838431
449,bakchar,57.0186,82.0711,0.51,99,100,1.11,RU,1699838432
450,atherton,53.5237,-2.4935,9.12,97,100,2.69,GB,1699838432
451,coquimbo,-29.9533,-71.3436,13.85,82,0,4.63,CL,1699838206
452,umluj,25.0213,37.2685,27.92,64,100,2.37,SA,1699838432
453,vredendal,-31.6683,18.5012,13.94,73,0,1.21,ZA,1699838347
454,glace bay,46.1969,-59.957,2.34,80,100,6.17,CA,1699838432
455,mahalapye,-23.1041,26.8142,25.94,23,78,7.67,BW,1699838433
456,morant bay,17.8815,-76.4093,30.79,80,7,4.35,JM,1699838433
457,kwolla,8.9333,9.2833,26.4,45,90,1.37,NG,1699838433
458,hanzhong,33.0728,107.0303,6.29,80,100,1.05,CN,1699838279
459,luocheng,29.3848,104.0286,9.62,81,99,0.3,CN,1699838433
460,fortuna,40.5982,-124.1573,15.52,69,0,5.14,US,1699838213
461,nenjiang,49.1833,125.2167,-6.26,74,4,1.88,CN,1699838434
462,sao joao da barra,-21.6403,-41.0511,24.16,89,100,4.34,BR,1699838434
463,same,-4.0667,37.7333,20.11,94,93,0.81,TZ,1699838434
464,buenavista tomatlan,19.2,-102.6,26.11,69,51,1.26,MX,1699838435
465,taroa,8.7058,171.2275,28.37,82,82,8.23,MH,1699838435
466,ballina,-28.8667,153.5667,25.43,77,80,4.5,AU,1699838435
467,newman,37.3138,-121.0208,22.13,54,82,1.87,US,1699838435
468,muborak,39.2553,65.1528,8.67,27,11,2.54,UZ,1699838436
469,belaya kholunitsa,58.84,50.8528,0.47,97,100,5.62,RU,1699838436
470,yanam,16.7333,82.2167,24.15,81,100,2.78,IN,1699838436
471,sirjan,29.452,55.6814,11.53,27,2,1.86,IR,1699838436
472,nogliki,51.8333,143.1667,-8.14,61,87,7.15,RU,1699838437
473,malango,-2.9627,119.9001,26.53,62,97,0.79,ID,1699838437
474,pavlohrad,48.5167,35.8667,8.6,74,100,6.84,UA,1699838437
475,corn island,12.1694,-83.0418,25.36,89,100,9.81,NI,1699838332
476,touros,-5.1989,-35.4608,25.36,79,3,5.47,BR,1699838437
477,cadale,2.7603,46.3222,27.69,76,32,2.15,SO,1699838438
478,nema,57.5067,50.5011,0.91,97,100,6.56,RU,1699838438
479,wundanyi,-3.4019,38.364,16.91,91,56,1.06,KE,1699838438
480,lufilufi,-13.8745,-171.5986,31.88,75,15,3.53,WS,1699838438
481,kilindoni,-7.9139,39.6668,26.27,81,63,1.17,TZ,1699838438
482,rumoi,43.9344,141.6428,3.0,75,100,5.74,JP,1699838438
483,lorengau,-2.0226,147.2712,29.5,64,29,1.99,PG,1699838439
484,kenai,60.5544,-151.2583,-3.81,96,0,1.54,US,1699838439
485,antsohihy,-14.8796,47.9875,24.38,86,3,1.13,MG,1699838439
486,marivan,35.5219,46.176,11.74,46,100,0.83,IR,1699838439
487,murashi,59.3999,48.9615,0.19,97,100,5.73,RU,1699838439
488,port hueneme,34.1478,-119.1951,21.52,52,0,2.06,US,1699838440
489,nadym,65.5333,72.5167,-10.25,85,14,6.52,RU,1699838440
490,revda,56.801,59.9303,0.64,86,100,1.85,RU,1699838440
491,lerwick,60.1545,-1.1494,8.11,80,25,9.14,GB,1699838385
492,tocoa,15.6833,-86.0,23.72,98,54,0.27,HN,1699838441
493,oromocto,45.8351,-66.4792,-1.04,63,100,2.06,CA,1699838442
494,smithers,54.7804,-127.1743,-0.82,100,100,1.03,CA,1699838443
495,yuci,37.6803,112.7319,-1.14,59,0,1.0,CN,1699838297
496,tapa,59.2606,25.9586,3.01,96,100,4.7,EE,1699838444
497,bhamo,24.2667,97.2333,20.23,71,0,0.57,MM,1699838444
498,lata,40.1629,-8.3327,17.26,96,92,1.56,PT,1699838444
499,praia da vitoria,38.7333,-27.0667,18.14,88,75,2.65,PT,1699838337
500,winnemucca,40.973,-117.7357,11.03,25,0,3.6,US,1699838444
501,faya-largeau,17.9257,19.1043,25.38,20,17,7.3,TD,1699838444
502,pisco,-13.7,-76.2167,20.01,88,0,8.23,PE,1699838352
503,yeongdong,36.175,127.7764,3.32,45,1,3.7,KR,1699838154
504,nowshahr,36.649,51.496,11.97,94,0,0.0,IR,1699838445
505,marshfield,44.6689,-90.1718,8.97,61,0,4.12,US,1699838445
506,sena madureira,-9.0656,-68.6569,27.59,66,43,1.13,BR,1699838445
507,minas de marcona,-15.2119,-75.1103,14.62,91,90,6.45,PE,1699838445
508,bonthe,7.5264,-12.505,26.43,85,90,1.97,SL,1699838445
509,korsakov,46.6328,142.7813,-2.09,57,93,3.75,RU,1699838446
510,kotlas,61.2611,46.6556,0.03,90,100,2.68,RU,1699838447
511,klaksvik,62.2266,-6.589,6.51,76,100,10.9,FO,1699838447
512,nassau village-ratliff,30.5111,-81.8093,17.21,89,100,4.63,US,1699838447
513,mormugao,15.4,73.8,23.59,78,20,2.06,IN,1699838447
514,masuguru,-11.3667,38.4167,26.17,74,86,2.14,TZ,1699838352
515,wiset chaichan,14.5945,100.3382,27.25,88,98,4.11,TH,1699838447
516,piat,17.7905,121.478,26.92,77,85,1.32,PH,1699838448
517,nguigmi,14.2495,13.1092,25.08,22,12,5.09,NE,1699838448
518,hepingjie,42.0597,126.9158,-7.54,63,1,1.77,CN,1699838448
519,villa del totoral,-30.8167,-63.7167,18.52,31,0,7.11,AR,1699838448
520,budva,42.2864,18.84,7.14,100,0,0.0,ME,1699838448
521,mao,39.8885,4.2658,16.31,100,0,2.06,ES,1699838448
522,dubbo,-32.25,148.6167,28.07,30,0,3.09,AU,1699838449
523,queenstown,-31.8976,26.8753,7.65,91,0,1.17,ZA,1699838449
524,tianchang,37.9981,114.0156,3.64,33,100,0.38,CN,1699838449
525,craiova,44.3167,23.8,2.55,100,0,2.06,RO,1699838449
526,frontera,26.9333,-101.45,13.62,92,100,1.96,MX,1699838449
527,east london,-33.0153,27.9116,14.58,68,42,4.13,ZA,1699838281
528,tadine,-21.55,167.8833,23.76,57,64,9.19,NC,1699838363
529,whangarei,-35.7317,174.3239,21.82,34,0,0.56,NZ,1699838449
530,pandan,14.0453,124.1694,27.58,87,100,7.75,PH,1699838449
531,labytnangi,66.6572,66.4183,-11.9,88,16,4.0,RU,1699838450
532,mbeya,-8.9,33.45,16.05,89,87,2.04,TZ,1699838450
533,richfield,44.8833,-93.283,12.13,48,0,4.12,US,1699838450
534,quellon,-43.1167,-73.6167,7.66,79,100,3.94,CL,1699838188
535,agapovka,53.2973,59.1348,0.56,89,50,3.09,RU,1699838450
536,axim,4.8699,-2.2405,25.85,89,3,2.42,GH,1699838450
537,clinton,42.587,-82.9199,7.16,81,40,3.09,US,1699838172
538,hammerfest,70.6634,23.6821,-5.75,63,12,0.51,NO,1699838394
539,poxoreo,-15.8372,-54.3892,28.59,40,43,2.02,BR,1699838451
540,okondja,-0.6549,13.6753,22.07,99,100,0.59,GA,1699838244
541,ngama,11.7833,17.1667,26.69,25,69,2.67,TD,1699838451
542,cervantes,-39.05,-67.3833,14.32,18,0,3.28,AR,1699838451
543,saint-francois,46.4154,3.9054,12.58,100,100,3.09,FR,1699838451
544,kuala tungkal,-0.8167,103.4667,27.1,82,80,1.59,ID,1699838451
545,port blair,11.6667,92.75,24.02,94,100,1.03,IN,1699838338
546,goure,13.9835,10.2704,23.49,14,0,4.3,NE,1699838452
547,port-vila,-17.7338,168.3219,25.78,78,100,7.72,VU,1699838368
548,vilyuchinsk,52.9306,158.4028,0.15,66,45,2.9,RU,1699838315
549,tolanaro,-25.0319,46.9987,18.92,81,0,3.97,MG,1699838452
550,hodmezovasarhely,46.4167,20.3333,5.62,74,100,2.66,HU,1699838452
551,amungan,15.3652,119.9582,29.44,64,63,0.17,PH,1699838452
552,nanchong,30.7951,106.0847,9.4,87,100,1.65,CN,1699838452
553,phrai bueng,14.7483,104.3626,27.28,85,10,2.06,TH,1699838452
554,chicoana,-25.1009,-65.5331,25.03,85,99,2.82,AR,1699838453
555,chingola,-12.529,27.8838,17.22,96,100,1.49,ZM,1699838453
